e37d82d5b11fc31564a0a5393f7ef170,.Net Architect,net architect,6245e2b254db226eec7c31ca738971c3
ef03f666e5f020009f94371cc2f10981,.NET Developer,net developer,adbc2046a7264152d61d23ecdc1606b3
745a26af3dfde357a35a7cc94db88985,.NET Web Developer,net web developer,95fc93f1cfaad4a4b33693fe3a64c24a
0bee5475ad46c41952ac2eb0a7012ee7,Account Analyst,account analyst,344aba9dcfa11889b5ae926bfab624e8
d2c468aa4044268d36b8da1383964225,Account Development Manager,account development manager,6e9b18eea207f589c25dbfbf73c021b2
6fce9c675b516bdc5894dbafdb1c2adc,Account Director,account director,09ceac85294edf92c92c68971a09c905
af9afdc6bb8ed4ba241b43afe0ed8e1a,Account Executive,account executive,1458f7aba7fa08b3920d2836d95ce518
44a8d0d94f57553b3f73fcc7741590d5,"Account Executive, Key Accounts",account executive key accounts,4aaf1c1eb45dfbec87b7fc2dc5f088a2
cd98e0965bf3218847da02c51e26d593,Account Resolution Analyst,account resolution analyst,dec033a612a61b78855f2197e3b7a695
c2c7e1fb595982718dcb6656a7065642,Accounting Analyst,accounting analyst,3eb8be26f38d699304907a67cf4e8cd8
1d6f991b537be205330013b48846d3de,Accounting Systems Analyst,accounting systems analyst,30ea61559d05eaa71e684f6e350494b1
641d9cfd986fd3617dee89ad04207af6,Actuarial Analyst,actuarial analyst,325e2251e20170928426473156bd3c48
fef6a3fb4d4cba5dd1816546037f0fce,Actuarial Assistant,actuarial assistant,325e2251e20170928426473156bd3c48
4c19ec53224d969ea0596b71f6aa61c0,Actuarial Associate,actuarial associate,b95174a417c23639091be3447adf0dfc
1e3adfc9bfb83accfe93565b4d4413f1,Actuarial Consultant,actuarial consultant,b95174a417c23639091be3447adf0dfc
6c8351cdd71e3955941385cf4698cce5,Actuarial Manager,actuarial manager,b95174a417c23639091be3447adf0dfc
c7417e10836c0ab26e3d97d68b46e9c1,Administrative Analyst,administrative analyst,325e2251e20170928426473156bd3c48
5d7c5ca3d1117671a89e18e382f355db,Advertising Analyst,advertising analyst,05d507b5052f3f105eb5602c10723103
66e64a1b4ca1259a31ebc747770c446d,Analyst,analyst,6e34ba16365a27a706285b090a0d9cc6
af4f46be3d219621759e49ca6b409529,Analyst Programmer,analyst programmer,0b0c94f09f8afa4086c2bf44bd1bbcc4
b0fa6ede410f50b82ab74f5a705fe699,Analytical Data Miner,analytical data miner,9656fa2dc39e9643c00a45858e0117d0
dd9c7d05b25252b670f4a0014272b0c9,Application Integration Engineer,application integration engineer,adbc2046a7264152d61d23ecdc1606b3
c6e5bb0b13492fa19760c646477479e3,Application Integrator,application integrator,adbc2046a7264152d61d23ecdc1606b3
5cae59c158ad1780bf6a4bb96923bb46,Application Processor,application processor,82d5e7daa31171e3fa9f1984cb4087f6
e16ea2d330d8915fb0f61e31f388eb51,Application Programer Analyst,application programer analyst,0b0c94f09f8afa4086c2bf44bd1bbcc4
624ab83c157fbd0eafc8fa1d72081ef0,Application Programmer Analyst,application programmer analyst,0b0c94f09f8afa4086c2bf44bd1bbcc4
624f93a1453e8dd5ce236f4845a8f8f4,Application Systems Administrator,application systems administrator,a38d3f047f3045c0c4688f1d68c9c4c7
90082e1c828d92eccbb9c4b7a145b06b,Applications Analyst,applications analyst,0148f61d4227497728ce33490843d056
b604859866a9fc4c9783260d56728c0b,Applications Developer,applications developer,adbc2046a7264152d61d23ecdc1606b3
aa56fa3b2b422dd95b4bbf662158fa50,Applications Engineer,applications engineer,1458f7aba7fa08b3920d2836d95ce518
fcca1d86b740b539d596d29ab23589e6,"Applications Engineer, Manufacturing",applications engineer manufacturing,20c0760df18dc003ab52234c720231bd
f9ec591e5bbf8e25d265a3ce7fa6b4d5,Applications Programmer,applications programmer,adbc2046a7264152d61d23ecdc1606b3
f847f67a090717dfc8d30296c429d402,Applications Quality Assurance Specialist,applications quality assurance specialist,adbc2046a7264152d61d23ecdc1606b3
3d152f88909e593870a80ac2adf93a42,Applications Software Engineering Information Technology Specialist,applications software engineering information technology specialist,adbc2046a7264152d61d23ecdc1606b3
28f6269377bcf065f28318d41cec89ec,Applications System Analyst,applications system analyst,adbc2046a7264152d61d23ecdc1606b3
97540260779e3ed95254cec83475ed07,Applications Systems Analyst,applications systems analyst,0148f61d4227497728ce33490843d056
8e56528469d95ab29eec94e53d40a1d0,Artificial Intelligence Specialist,artificial intelligence specialist,d32fbf001245af2ecc270cada9040a75
31b770518a73db066561972ccc548827,Automation Engineer,automation engineer,4a44c192e4e87f26d68b6f0f94d0adb5
96d8e564f5f4eda6a8f04e8aea8a0dc3,Web Administrator,web administrator,a5773315d55245d7a3271314a564c32f
14e7f37fe1129c63f009b6554cf5b750,Web Analyst,web analyst,ea2d08f2932118449da8ace0180007c8
8b03a049c83c798b6b3383da8de16035,Web Application Developer,web application developer,0b0c94f09f8afa4086c2bf44bd1bbcc4
16ae0664538edccbca27878e2c895b72,Web Applications Developer,web applications developer,95fc93f1cfaad4a4b33693fe3a64c24a
0d2cc06b9c438b28fcbeee64665787d3,Web Architect,web architect,6245e2b254db226eec7c31ca738971c3
8ed415774361f2219b356513272e1a78,Web Content Developer,web content developer,95fc93f1cfaad4a4b33693fe3a64c24a
716a65a0630eb4497aa7af82e9795629,Web Content Manager,web content manager,a5773315d55245d7a3271314a564c32f
61f5966be53afaad36c3de4511bf6041,Web Content Writer,web content writer,d90a0bfe2ab87cf3736cc925ce24c8c9
90d254b1e4a44ef82a0eff5ce2dd30bf,Web Designer,web designer,95fc93f1cfaad4a4b33693fe3a64c24a
c7122a6bd69387035cc74ade692e5fe6,Web Developer,web developer,95fc93f1cfaad4a4b33693fe3a64c24a
018cb3a1091b5a4fd13ed787e5973d08,Web Graphic Designer,web graphic designer,caa551520f21c7c220716a8f82806246
c8597d3b45c905600420b26e6a165e5a,Web Page Designer,web page designer,0b0c94f09f8afa4086c2bf44bd1bbcc4
54a98e46edfd010c55d8e6d59156592f,Web Page Developer,web page developer,95fc93f1cfaad4a4b33693fe3a64c24a
7660a3389d0b8d25bbe553da9b24c40f,Web Programmer,web programmer,0b0c94f09f8afa4086c2bf44bd1bbcc4
8f53d265c54ff433ff7b5568d66fb3ee,Web Site Administrator,web site administrator,a5773315d55245d7a3271314a564c32f
3f94a6d91f6dd275acdcc824880a6117,Web Site Designer,web site designer,95fc93f1cfaad4a4b33693fe3a64c24a
6fcc631a8323414c32bd1726d14a0aed,Web Site Developer,web site developer,95fc93f1cfaad4a4b33693fe3a64c24a
93b43889fde7be9c8322b572e108a731,Web Site Manager,web site manager,a5773315d55245d7a3271314a564c32f
81864be7c6b3de36c5ceff46b4df65f8,Web Site Project Manager,web site project manager,c9b22af74071153203bd588bd45340d9
085b32596f8428817abfba18aa6dc91f,Web Site Specialist,web site specialist,95fc93f1cfaad4a4b33693fe3a64c24a
93bbce2892c9ba8891bd3e39fb0617e6,Web Software Engineer,web software engineer,95fc93f1cfaad4a4b33693fe3a64c24a
2e4d005907d7bb79aab4d1b81c5ae574,Web Specialist,web specialist,c9b22af74071153203bd588bd45340d9
1b0ff322dac92f3daa78e5cea3f72493,Web User Experience Strategist,web user experience strategist,ea2d08f2932118449da8ace0180007c8
933aadf2f4cfe4c5a6e7132a33cef215,Windows Software Engineer,windows software engineer,adbc2046a7264152d61d23ecdc1606b3
cf81121543f08d762c89add012cdd707,Business Analyst,business analyst,0148f61d4227497728ce33490843d056
bc6dcc49557388a9f53d6e642e73d7a2,Business Database Analyst,business database analyst,9656fa2dc39e9643c00a45858e0117d0
f3d95d89c00f001b448550b05673ebf2,Business Developer,business developer,3f2ba4429a667f6bcc9f88347f1d98d1
a85103ca9245a35ec020dcf1e70082fb,Business Development Analyst,business development analyst,05d507b5052f3f105eb5602c10723103
041f1789d619630412f88a858fd8b662,Business Development Assistant,business development assistant,6492c5e0d62e35ac700252bb06f5183c
50c2c974472fde19aed2e47b35691577,Computer Analyst,computer analyst,0148f61d4227497728ce33490843d056
865b443f40505a1317b8a3df24b317e2,Computer Applications Developer,computer applications developer,adbc2046a7264152d61d23ecdc1606b3
ee51d3cd44b5539c276ce7f9ad00d481,Computer Applications Engineer,computer applications engineer,adbc2046a7264152d61d23ecdc1606b3
094ef83bf57e0e758582d4a8e1ffb5e0,Computer Engineer,computer engineer,56c2b37e8af5f0a7d99aa7388eee7cc9
b19537048a383771ef4213ccd81ff71c,Computer Programer,computer programer,0b0c94f09f8afa4086c2bf44bd1bbcc4
0e56f15795467bd73c06946b8cea37eb,Computer Programmer,computer programmer,0b0c94f09f8afa4086c2bf44bd1bbcc4
8fd644dfa58d9e9634c2c8a48a518bb6,Computer Programmer Analyst,computer programmer analyst,0b0c94f09f8afa4086c2bf44bd1bbcc4
a84c6b42759a88702cecb5abc27d5f69,Computer Software Engineer,computer software engineer,adbc2046a7264152d61d23ecdc1606b3
9c2953b636a8cc64e87087594868ed58,Computer Systems Analyst,computer systems analyst,0148f61d4227497728ce33490843d056
bb5dc2eed73c0234ad8eb4fc525a07c8,Computer Systems Architect,computer systems architect,6245e2b254db226eec7c31ca738971c3
bf2e6241e484f7b95b6f56e947d3ca53,Computer Systems Consultant,computer systems consultant,0148f61d4227497728ce33490843d056
e79df6bc40d3640f7f1c0d45298f5989,Computer Systems Design Analyst,computer systems design analyst,0148f61d4227497728ce33490843d056
d803646eb5eb0353451a13c8f6fc7f9e,Computer Systems Designer,computer systems designer,0148f61d4227497728ce33490843d056
33b7658726105ac40705d3f17e53e057,Computer Systems Director of Information,computer systems director of information,bb4e5066e69e4228172b4850d2a920f4
16b178fff7aa308c7b876f6b10c12ed2,Computer Systems Engineer,computer systems engineer,ad7f545d458070129f3ced2d13467813
155e7182b8978166a58483677c220cdf,Computer Systems Hardware Analyst,computer systems hardware analyst,d32fbf001245af2ecc270cada9040a75
1b57668f916cb70629afe87348fc91a1,Computer Systems Manager,computer systems manager,7ef30a5b2e0ec04db4ad4d5b1d354c32
cc884e0da49ee0f638831b6e3412b0ee,Computer Systems Security Administrator,computer systems security administrator,a38d3f047f3045c0c4688f1d68c9c4c7
78f80c64bde3250af35256f6aae4c2f9,Computer Systems Security Analyst,computer systems security analyst,7ef30a5b2e0ec04db4ad4d5b1d354c32
10bde329821ea2b1b57076cef568519d,Computer Systems Software Architect,computer systems software architect,ad7f545d458070129f3ced2d13467813
0ea71b259c02fab583e80f7020a0c87d,Computer Systems Software Engineer,computer systems software engineer,ad7f545d458070129f3ced2d13467813
8402bf73c5e546a376290a37d31cc35a,Computer Systems Support Specialist,computer systems support specialist,16a750537ecaff343d0e1d9ab9f5f575
433df1b945d32f17d9e61cf60a9bd06e,Data Abstractor,data abstractor,5664385a36b9a0aa6f63c498e86b4654
7a37ddb38441873334fd8ff07c17ad22,Data Acquisition Technician,data acquisition technician,351a52f8a687142e32acd0b6c331e61b
141ddda0f613da65a280521247de0e9f,Data Administrator,data administrator,596226d5f9ef63de41a852826d483d19
559a21f836c93876f31b60e6d10656a7,Data Analysis Assistant,data analysis assistant,325e2251e20170928426473156bd3c48
eb3d789747d52df803ce63fe37bf53e9,Data Analyst,data analyst,325e2251e20170928426473156bd3c48
d4624ed8068d24948e18303212593cd6,Data Architect,data architect,596226d5f9ef63de41a852826d483d19
477b53ef09d37f098d5ed74f47fcbaec,Data Base Design Analyst,data base design analyst,596226d5f9ef63de41a852826d483d19
4cee16550636e292b8d136486fce943b,Data Capture Clerk,data capture clerk,bf88358c56bb6cbe7eabec38ae333d19
4f75f97ac5b5f00f9420074d501f0803,Data Capture Specialist,data capture specialist,bf88358c56bb6cbe7eabec38ae333d19
b42566382f2d3deeca56d3667004fc9e,Data Center Manager,data center manager,b90ca4df5690002377a7b0f1f3d40781
c34f03aa0a9c6edbe8ec50f4fa3687a8,Data Center Operator,data center operator,16a750537ecaff343d0e1d9ab9f5f575
474b962c13632a04e42a546be4f11dbb,Data Coder Operator,data coder operator,bf88358c56bb6cbe7eabec38ae333d19
437e4414c78611a270a5cedb4b4c0eed,Data Collection Technician,data collection technician,6ef517fbbd53b14636c7fd4ce3f4621a
2f704538f6c9d6459a97314be98124e2,Data Collector,data collector,b9395a0c9f252a057e9b153c5c7f4bdd
ccd7528fb38f16077360c5b67c9700c4,Data Communications Analyst,data communications analyst,9f07202082ce5945f125f3472a753789
897ef18a9321616495831a4b4b0c1bb2,Data Communications Software Consultant,data communications software consultant,9f07202082ce5945f125f3472a753789
04c27c76b463a917800549cf88a59961,Data Communications Technician,data communications technician,3d83e056c0f0801e5e635bcfab433b3e
ac2588d5d7676a49bdcd038e4a0a0ec5,Data Compiler,data compiler,325e2251e20170928426473156bd3c48
7932d4705d002b47789c11edfaed685e,Data Control Assistant,data control assistant,1b7a3048ca875e752dbe1ec6368e2e9a
d63e35f948115e0c328a49db7bdb6e59,Data Control Clerk Supervisor,data control clerk supervisor,3ffe9bc56a3fd00b02fbdc71c03976f9
04b0eaf624b2deb45ccd62cf6ec7c7bc,Data Conversion Operator,data conversion operator,78e0562032df97cc82fcc48388cdf34b
049a3f3a2b5f85cb2971ba77ad66e10c,Data Coordinator,data coordinator,0b9dd32a367f4562ec77b993053d1910
f1fb62e4c97f4f5cd5001877cb94379e,Data Processor,data processor,344aba9dcfa11889b5ae926bfab624e8
41ba88cfd476ee8d5e3d9f7cea62f051,Data Recovery Planner,data recovery planner,b90ca4df5690002377a7b0f1f3d40781
004431b0c1ce29ff6145307fa23f3f98,Data Reduction Technician,data reduction technician,bae768f2464d4c86f05659ce341b1628
5285758deb04c98f58cbae2747195f33,Data Reviewer,data reviewer,da412504dd7b130414b7bbfa2acd563b
8a7a3f1bce0958ae9f090683e5a925b7,Data Scientist,data scientist,c694b1fbf0bd19efa780497ccb70638e
edc64316da9707432443c7a4461abe6c,Data Security Administrator,data security administrator,7ef30a5b2e0ec04db4ad4d5b1d354c32
a003702c0cea282e17967772dd83de5e,Data Security Analyst,data security analyst,7ef30a5b2e0ec04db4ad4d5b1d354c32
af6630abd24c19f77cfba94aa4e3b7e1,Data Specialist,data specialist,430aaf9809812ccc822ef42674765d0e
1a281bf4bd1fe9b2a6e464e508bea167,Data Storage Specialist,data storage specialist,72ac7ec4ef0212a3aa54ed92abac8a92
800b621aab5dac18f4caef621fa43a49,Data Systems Manager,data systems manager,bb4e5066e69e4228172b4850d2a920f4
b36bc5f02fd641a126df999bcefa2777,Data Technician,data technician,0581dd6e7d2b00f3d449837e60ab76a0
38a15ceadcdd6d4db16a88fa1a72b083,Data Warehouse Analyst,data warehouse analyst,72ac7ec4ef0212a3aa54ed92abac8a92
77d124811ae6887bd4ff42b0e2b49116,Data Warehouse Architect,data warehouse architect,596226d5f9ef63de41a852826d483d19
847165cfda6b1dc82ae22b967da8af2f,Data Warehouse Developer,data warehouse developer,72ac7ec4ef0212a3aa54ed92abac8a92
781f5d3a80812531fdc81125a527a626,Data Warehouse Specialist,data warehouse specialist,72ac7ec4ef0212a3aa54ed92abac8a92
36675c937946c8a4fc5de7d0b4c850de,Data Warehousing Engineer,data warehousing engineer,72ac7ec4ef0212a3aa54ed92abac8a92
d06dfb43c95b585a89ae556c9221b573,Data Warehousing Manager,data warehousing manager,72ac7ec4ef0212a3aa54ed92abac8a92
36ac256201657eeaa67ee95aaae3cd54,Data Warehousing Specialist,data warehousing specialist,72ac7ec4ef0212a3aa54ed92abac8a92
5db2c8d6539f983e1ca3d7c5b939e190,Database Administration Associate,database administration associate,b90ca4df5690002377a7b0f1f3d40781
1dd2fdc8a3981f2a1d8f0ca173952bb8,Database Administration Manager,database administration manager,b90ca4df5690002377a7b0f1f3d40781
07b2ace822aff5d35dcf5ea264ef3b59,Database Administration Project Manager,database administration project manager,c9b22af74071153203bd588bd45340d9
086f0063610283d1c23c44bca4ef92c0,Database Administrator (DBA),database administrator dba,b90ca4df5690002377a7b0f1f3d40781
00bff17fca67555d8d86e8ead86dcd70,Database Analyst,database analyst,b90ca4df5690002377a7b0f1f3d40781
c1b670eba9ccb65e7c99f7da116d5b9c,Database Architect,database architect,596226d5f9ef63de41a852826d483d19
e55556364d2096578fd153e9800e826f,Database Consultant,database consultant,596226d5f9ef63de41a852826d483d19
7bb15eefb19ed09c59349baad7e8469e,Database Coordinator,database coordinator,b90ca4df5690002377a7b0f1f3d40781
6408c0d7c7faa4ced47fbc8474698126,Database Design Analyst,database design analyst,596226d5f9ef63de41a852826d483d19
569da68cdcac43a3b4a0126ea9170570,Database Designer,database designer,596226d5f9ef63de41a852826d483d19
f4b2fb1aa40f661488e2782b6d57ad2f,Database Developer,database developer,b90ca4df5690002377a7b0f1f3d40781
3833bd699e7afe4665b595f282da0387,Database Development and Administration Project Manager,database development and administration project manager,bb4e5066e69e4228172b4850d2a920f4
aee597cd78f235c9db9d3ca987c7c846,Database Development Project Manager,database development project manager,c9b22af74071153203bd588bd45340d9
16b67d7f57698455aefbc1ae1b358b50,Database Engineer,database engineer,596226d5f9ef63de41a852826d483d19
41b2978a2c07c5f477e60f26372d6c85,Database Management System Specialist (DBMS Specialist),database management system specialist dbms specialist,b90ca4df5690002377a7b0f1f3d40781
a4d5b8b38f9513825d0d94a981ebe962,Database Manager,database manager,b90ca4df5690002377a7b0f1f3d40781
04c82eae29e1c4a30eac0710b74ab276,Database Marketing Analyst,database marketing analyst,05d507b5052f3f105eb5602c10723103
45033f83b6e0309eca9bcd76917f15d0,Database Modeler,database modeler,596226d5f9ef63de41a852826d483d19
a50d1f4be063829950e6ddb02c91379f,Database Programmer,database programmer,b90ca4df5690002377a7b0f1f3d40781
07b7555fa790debaf5b04d1409ad5f11,Database Security Administrator,database security administrator,b90ca4df5690002377a7b0f1f3d40781
e605336f5a43949cb6b18054fd1937f1,Database Security Expert,database security expert,7ef30a5b2e0ec04db4ad4d5b1d354c32
2ca138b991c50dc6696238e5ad800142,Database Software Technician,database software technician,b90ca4df5690002377a7b0f1f3d40781
679fb7003e0aedc14891fcd15dd846c5,Database Specialist,database specialist,b90ca4df5690002377a7b0f1f3d40781
631bc3a12ed11340fc94ebfffa8f5f4e,Database Technician,database technician,0581dd6e7d2b00f3d449837e60ab76a0
0de6170ccbed08e62b2e5862d5846a43,Database Tester,database tester,b90ca4df5690002377a7b0f1f3d40781
ec3d88b2fd083b870b8c5a603898ed39,Databases Computer Consultant,databases computer consultant,b90ca4df5690002377a7b0f1f3d40781
73d251075a710326ae436d9819246377,Databases Software Consultant,databases software consultant,b90ca4df5690002377a7b0f1f3d40781
bf7f43295d45cdced048c8126f977b6b,Datastage Developer,datastage developer,72ac7ec4ef0212a3aa54ed92abac8a92
1f8576bdffa64f492405d02b842c41a6,Data Management Associate,data management associate,b90ca4df5690002377a7b0f1f3d40781
59dab7d0a3ee97d939aa8b1a8deec857,Data Management Manager,data management manager,0b9dd32a367f4562ec77b993053d1910
d24ffac92c24fb0e7bd1abc5fc3b6254,Data Manager,data manager,430aaf9809812ccc822ef42674765d0e
e49986dae76619a3941d280ee14d38ae,Data Miner,data miner,b90ca4df5690002377a7b0f1f3d40781
b9a57264eaada670703db113483ddfc3,Data Modeler,data modeler,b90ca4df5690002377a7b0f1f3d40781
2173ff3afd8d28192f7cf119af201940,Data Modeling Specialist,data modeling specialist,b90ca4df5690002377a7b0f1f3d40781
775190277a849cba701b306a7b374c0a,Data Officer,data officer,596226d5f9ef63de41a852826d483d19
8fd068c8d9be73abfa678856177b6c40,Data Operations Director,data operations director,bb4e5066e69e4228172b4850d2a920f4
cc2b26cc436bea36bda3bdd7367c411a,Data Processing Auditor,data processing auditor,30ab203f437e940183274ac15379aa99
16b49a63ac3fcb90356c30187110ed94,Data Processing Auxiliary Equipment Operator,data processing auxiliary equipment operator,16a750537ecaff343d0e1d9ab9f5f575
ac47656fd51c2cd8037057262c910dc4,Data Processing Manager,data processing manager,bb4e5066e69e4228172b4850d2a920f4
afea0e0169a98ee264db2ddb1c6e6a34,Data Processing Supervisor,data processing supervisor,3ffe9bc56a3fd00b02fbdc71c03976f9
e7b3e1c6a32c7247cd4857e4c3574165,Data Processing Systems Analyst,data processing systems analyst,0148f61d4227497728ce33490843d056
d0abc47e83e7d85921e113f85175547a,Data Sciences Director,data sciences director,72d8102a88c284fb83d4247877e1504c
3edd32344fea38c1179315fbe893677f,Network Administrator,network administrator,a38d3f047f3045c0c4688f1d68c9c4c7
7add59bf2ed8da380d59001ec4d71ef2,Network Analyst,network analyst,9f07202082ce5945f125f3472a753789
4370aa66dea9335615e24b4b8c945582,Network Architect,network architect,9f07202082ce5945f125f3472a753789
1485b5e692f9d8ce8703191cfa8708c9,Network Designer,network designer,9f07202082ce5945f125f3472a753789
bb19ab04b7df6ad86eee86c790e70cf9,Network Developer,network developer,9f07202082ce5945f125f3472a753789
6eb5d892c45ece24068f73411678d3d7,Network Engineer,network engineer,91e03483b47fc212441abba3acf5a4aa
5662d31ff23850760713e4765020894b,Network Intelligence Analyst,network intelligence analyst,38fa0f1e4f3af4981a3bce137272c212
edd87dcace6d40f51db702d98419ea7b,Network Operations Analyst,network operations analyst,9f07202082ce5945f125f3472a753789
f95b298da8e79b1da76cfa9246721da7,Network Operations Specialist,network operations specialist,26df8ecd5f8006d224d49c78263875a9
fe46cf90faa5f33f82e90f31971be6b7,Network Security Administrator,network security administrator,a38d3f047f3045c0c4688f1d68c9c4c7
1322a9a93ae30cb8b44b75e91562de28,Network Security Analyst,network security analyst,9f07202082ce5945f125f3472a753789
366778c57e281a6a84a98f4d77de4208,Network Security Engineer,network security engineer,7ef30a5b2e0ec04db4ad4d5b1d354c32
98f92ea6be22bb5170cdc516f52739de,Network Support Analyst,network support analyst,9c4fa3af527c538e345640a28f2d0586
fda2fd1f83d01af6f12a05c149fead1b,Network Support Specialist,network support specialist,26df8ecd5f8006d224d49c78263875a9
60e8396e1c11aab0a1d0ac4d45a06102,Network Support Technician,network support technician,26df8ecd5f8006d224d49c78263875a9
5c3549e05e64021254cfb9906993ae8b,Network Systems Administrator,network systems administrator,a38d3f047f3045c0c4688f1d68c9c4c7
c932a4aa0ced5eb392300245a836414d,Network Systems Analyst,network systems analyst,9f07202082ce5945f125f3472a753789
05c29c6c9da600936444e5baf9cc7c67,Network Systems Consultant,network systems consultant,9f07202082ce5945f125f3472a753789
23e7a7c45721e9067f6b8e8993fca505,Network Systems Coordinator,network systems coordinator,a38d3f047f3045c0c4688f1d68c9c4c7
35704f15b01c34f73755ad7107d16fb6,Network Systems Integrator,network systems integrator,9f07202082ce5945f125f3472a753789
bebe5143811b13675bb18a0f1d49d340,Network Technical Analyst,network technical analyst,26df8ecd5f8006d224d49c78263875a9
ac441069eb4e715af78627314f03c6a6,Network Technician,network technician,26df8ecd5f8006d224d49c78263875a9
839facfe7b28066a4fee319a3c6319ed,Product Design Engineer,product design engineer,7f7c519a46a4525ed804519554058306
1616ba1f471a78cf0f2f7fc7951573bc,Product Designer,product designer,7f7c519a46a4525ed804519554058306
8f3254516db52ce9ad304440427f457b,Product Developer,product developer,a32b9cc78850bb0c83ad9a7cb884043d
d7ab44bbd5392dfe1dcd4c6e1f190004,Product Engineer,product engineer,7f7c519a46a4525ed804519554058306
66bec8dc2930dae7ea3d93ea5eebabf8,Program Analyst,program analyst,f9996981aded991462bbd8a34fb12209
bf7057363d468170b37f3317f613bc78,Programer,programer,6b6e7eda0f21fd2d8e1edf2394523743
987c70ecbcd643998ea6bcd3b8868934,Programmer,programmer,6b6e7eda0f21fd2d8e1edf2394523743
623ccab499f4e3f06e18c805c846dda4,Programmer Analyst,programmer analyst,b90ca4df5690002377a7b0f1f3d40781
6526442ab67827f7362540b4cbe990b9,Programming and Software Development Project Manager,programming and software development project manager,bb4e5066e69e4228172b4850d2a920f4
ee42089e4166c75b6eb685f7180e82fb,Programming Coordinator,programming coordinator,2ad4d8628d5b848373a05dfeaa5a13eb
431479b618539ef14cb43b74f6e82f03,Programming Development Project Manager,programming development project manager,c9b22af74071153203bd588bd45340d9
ba11b06c352c4159bbe797cd8091dbf6,Software Applications Architect,software applications architect,adbc2046a7264152d61d23ecdc1606b3
741055ee3eeeb86918098192f8edb9f8,Software Applications Designer,software applications designer,adbc2046a7264152d61d23ecdc1606b3
c359a0b3a20b32ef1e0dfae41d3f761a,Software Applications Engineer,software applications engineer,adbc2046a7264152d61d23ecdc1606b3
ff689f71893af57f31fe865173ce1cad,Software Applications Specialist,software applications specialist,adbc2046a7264152d61d23ecdc1606b3
6b0b1cc3de799472d984e6346b929e51,Software Architect,software architect,ad7f545d458070129f3ced2d13467813
5b9cc7edb999cb36a39afdb0a8a6012a,Software Computer Specialist,software computer specialist,adbc2046a7264152d61d23ecdc1606b3
7c1a76c4c31058476f255402242d9927,Software Consultant,software consultant,0148f61d4227497728ce33490843d056
23a71ce4809b6115e337bb22797ae52f,Software Design Engineer,software design engineer,ad7f545d458070129f3ced2d13467813
06d525d9ce8acca3918e4017399e11af,Software Designer,software designer,adbc2046a7264152d61d23ecdc1606b3
a8f342c21860ef255af3867e5a4a71b2,Software Developer,software developer,ad7f545d458070129f3ced2d13467813
cde69d2abb5f635ebc7f0379448992ef,Software Development Engineer,software development engineer,adbc2046a7264152d61d23ecdc1606b3
15e32cbec22a211c482d2c20831dfaca,Software Development Project Manager,software development project manager,c9b22af74071153203bd588bd45340d9
f5aa9a890f9a082766d3f23b7526ab66,Software Development Specialist,software development specialist,adbc2046a7264152d61d23ecdc1606b3
4b7281a983a4574eb887d29f7fbebd88,Software Engineer,software engineer,6b6e7eda0f21fd2d8e1edf2394523743
14fa6e8b6cca66be98596c896d5a95fc,Software Engineering Supervisor,software engineering supervisor,adbc2046a7264152d61d23ecdc1606b3
127c5a2025992d6408bdddaaa7247a4f,Software Engineering Systems Information Technology Specialist,software engineering systems information technology specialist,ad7f545d458070129f3ced2d13467813
76bf7eeacd105e6d1f517efab5b66481,Software Installer,software installer,9c4fa3af527c538e345640a28f2d0586
a9f4d9936d1ceaebaf43c217c972a23e,Software Programmer,software programmer,0b0c94f09f8afa4086c2bf44bd1bbcc4
3a014dd9b348406df2998f3b4903347b,Software Project Manager,software project manager,c9b22af74071153203bd588bd45340d9
11a3fde03891cabf49f6df1656abb0f6,Software Publisher,software publisher,c0f39f867727068f920213c55ed05939
ec7eb73f54af07b4d3e918ec098a1b76,Software QA Tester,software qa tester,adbc2046a7264152d61d23ecdc1606b3
83a694bade8d2b8436c8cb976e037983,Software Quality Assurance Engineer (SQA Engineer),software quality assurance engineer sqa engineer,3743e28a587c5e3b2c5b3793333db9a5
545f37da310031f12018875c83084de0,Software Quality Assurance Specialist,software quality assurance specialist,adbc2046a7264152d61d23ecdc1606b3
6dc58920d16d7526b69f904981244dbc,Software Quality Engineer,software quality engineer,3743e28a587c5e3b2c5b3793333db9a5
a0d34bd06b9d8f0f70788285333c21c3,Software Quality Tester,software quality tester,3743e28a587c5e3b2c5b3793333db9a5
2fcb93ff09b684571fd504e7109a8c4d,Software Requirements Engineer,software requirements engineer,adbc2046a7264152d61d23ecdc1606b3
f584b59fa698ebfda3a7b24f6e408dbe,Software Systems Engineer,software systems engineer,ad7f545d458070129f3ced2d13467813
f95410df55aa318834018cfc532fded4,Software Technician,software technician,16a750537ecaff343d0e1d9ab9f5f575
acb6ea1fd5eedf9ea80cd704f159c913,Software Test Analyst,software test analyst,3743e28a587c5e3b2c5b3793333db9a5
f39b284c7db0a0fe55e205882f977364,Software Test Engineer,software test engineer,3743e28a587c5e3b2c5b3793333db9a5
1cc06bc4a1e198c6267c347df4d8c1b5,Software Tester,software tester,3743e28a587c5e3b2c5b3793333db9a5
c8d12f88d98175133a2b88be9223a466,Software Testing Specialist,software testing specialist,3743e28a587c5e3b2c5b3793333db9a5
f6d5fd5246b06e9842b4a14835357e11,System Development Engineer,system development engineer,471a3a4e2e2080042e6d6be350c7e1e2
67224f2eb1a2b2d308dd18bfd28c90a6,System Development Manager,system development manager,bb4e5066e69e4228172b4850d2a920f4
0054a266e49cf8994cd25e4a70c13939,System Programmer,system programmer,9f07202082ce5945f125f3472a753789
683cec45deb66b23498bac68a9ecd9d5,System Software Developer,system software developer,0b0c94f09f8afa4086c2bf44bd1bbcc4
47840becc4a533cb4aab5db3f4c448a5,Systems Analyst,systems analyst,9f07202082ce5945f125f3472a753789
0dea5afc79a4070952a7d084fe398398,Systems Analyst Engineer,systems analyst engineer,ad7f545d458070129f3ced2d13467813
9d394b09fc748ce39fac2dbdadbd41ad,Systems Analyst Programmer,systems analyst programmer,adbc2046a7264152d61d23ecdc1606b3
6debe7648b28e668b47b135cdc002ef5,Systems Architect,systems architect,0148f61d4227497728ce33490843d056
24516597726cb0bbef9800b11ac96207,Systems Consultant,systems consultant,34a97446e2dacdab574ececf0bcd26e8
e2b4dd0ab7d168d3bd5abfa8b1ca1af2,Systems Coordinator,systems coordinator,ad7f545d458070129f3ced2d13467813
5db07ce0a1c39ec80e4d00aa1c15a0fc,Systems Developer,systems developer,9f07202082ce5945f125f3472a753789
6205ae84a417d8f9e01e78a71154d8c5,Systems Development Manager,systems development manager,c9b22af74071153203bd588bd45340d9
94b121345312066fc7bcd214712197ab,Systems Engineer,systems engineer,91e03483b47fc212441abba3acf5a4aa
1d02e86d36facc61a36eb4bea23f1044,Systems Integration Engineer,systems integration engineer,91e03483b47fc212441abba3acf5a4aa
c6d2da371879f2ee8ca121a62660691d,Systems Integrator,systems integrator,9f07202082ce5945f125f3472a753789
cbb409a9b6aad546509c2d9f5d2a4dee,Systems Programmer,systems programmer,0b0c94f09f8afa4086c2bf44bd1bbcc4
f7f93e21212386aa6886fd324908ea3c,Systems Protection Technician,systems protection technician,b6545b9cdfae11f07db2f476b54fe936
5ab3ae9c7fcdaf2ab1397b7c3beddb4a,Systems Security Information Technology Specialist,systems security information technology specialist,7ef30a5b2e0ec04db4ad4d5b1d354c32
d4c57bf1012f242503489e83aec67e40,Systems Software Designer,systems software designer,ad7f545d458070129f3ced2d13467813
e441bf7547b890432825a5da4aa7c13a,Systems Software Engineer,systems software engineer,ad7f545d458070129f3ced2d13467813
8eb591fd6a3fc3e32a3c7a32689cd228,Systems Software Quality Assurance Specialist,systems software quality assurance specialist,ad7f545d458070129f3ced2d13467813
5a5823aee01eb2e9dee4ba9e9dc6effd,Systems Software Specialist,systems software specialist,ad7f545d458070129f3ced2d13467813
844bd5d6c4417653233fb87a868c2c78,Systems Specialist,systems specialist,26df8ecd5f8006d224d49c78263875a9
4d674bc8ccb8a170371ea2793b47fd8f,Systems Support Engineer,systems support engineer,ad7f545d458070129f3ced2d13467813
804c7e64942d3ce4b148b1623cf1b79e,Systems Support Specialist,systems support specialist,26df8ecd5f8006d224d49c78263875a9
6044be6aaa1cddb6c13b9cec31c24d0a,Systems Test Technician,systems test technician,351a52f8a687142e32acd0b6c331e61b